{
    "data": [
        {
            "player": {
                "id": 8478402,
                "currentTeamId": 22,
                "firstName": "Connor",
                "fullName": "Connor McDavid",
                "lastName": "McDavid",
                "positionCode": "C",
                "sweaterNumber": 97
            },
            "points": 105,
            "team": {
                "id": 22,
                "franchiseId": 25,
                "fullName": "Edmonton Oilers",
                "leagueId": 133,
                "logos": [
                    {
                        "id": 8,
                        "background": "light",
                        "endSeason": 20102011,
                        "secureUrl": "https://assets.nhle.com/logos/nhl/svg/EDM_19971998-20102011_light.svg",
                        "startSeason": 19971998,
                        "teamId": 22,
                        "url": "http://1.cdn.nhle.com/logos/nhl/svg/EDM_19971998-20102011_light.svg"
                    },
                    {
                        "id": 82,
                        "background": "light",
                        "endSeason": 19961997,
                        "secureUrl": "https://assets.nhle.com/logos/nhl/svg/EDM_19961997_light.svg",
                        "startSeason": 19961997,
                        "teamId": 22,
                        "url": "http://3.cdn.nhle.com/logos/nhl/svg/EDM_19961997_light.svg"
                    },
                    {
                        "id": 112,
                        "background": "light",
                        "endSeason": 19951996,
                        "secureUrl": "https://assets.nhle.com/logos/nhl/svg/EDM_19861987-19951996_light.svg",
                        "startSeason": 19861987,
                        "teamId": 22,
                        "url": "http://3.cdn.nhle.com/logos/nhl/svg/EDM_19861987-19951996_light.svg"
                    },
                    {
                        "id": 131,
                        "background": "light",
                        "endSeason": 20202021,
                        "secureUrl": "https://assets.nhle.com/logos/nhl/svg/EDM_light.svg",
                        "startSeason": 20172018,
                        "teamId": 22,
                        "url": "http://1.cdn.nhle.com/logos/nhl/svg/EDM_light.svg"
                    },
                    {
                        "id": 140,
                        "background": "light",
                        "endSeason": 19851986,
                        "secureUrl": "https://assets.nhle.com/logos/nhl/svg/EDM_19791980-19851986_light.svg",
                        "startSeason": 19791980,
                        "teamId": 22,
                        "url": "http://cdn.nhle.com/logos/nhl/svg/EDM_19791980-19851986_light.svg"
                    },
                    {
                        "id": 147,
                        "background": "dark",
                        "endSeason": 19951996,
                        "secureUrl": "https://assets.nhle.com/logos/nhl/svg/EDM_19861987-19951996_dark.svg",
                        "startSeason": 19861987,
                        "teamId": 22,
                        "url": "http://1.cdn.nhle.com/logos/nhl/svg/EDM_19861987-19951996_dark.svg"
                    },
                    {
                        "id": 159,
                        "background": "dark",
                        "endSeason": 19961997,
                        "secureUrl": "https://assets.nhle.com/logos/nhl/svg/EDM_19961997_dark.svg",
                        "startSeason": 19961997,
                        "teamId": 22,
                        "url": "http://1.cdn.nhle.com/logos/nhl/svg/EDM_19961997_dark.svg"
                    },
                    {
                        "id": 241,
                        "background": "dark",
                        "endSeason": 20102011,
                        "secureUrl": "https://assets.nhle.com/logos/nhl/svg/EDM_19971998-20102011_dark.svg",
                        "startSeason": 19971998,
                        "teamId": 22,
                        "url": "http://3.cdn.nhle.com/logos/nhl/svg/EDM_19971998-20102011_dark.svg"
                    },
                    {
                        "id": 308,
                        "background": "dark",
                        "endSeason": 19851986,
                        "secureUrl": "https://assets.nhle.com/logos/nhl/svg/EDM_19791980-19851986_dark.svg",
                        "startSeason": 19791980,
                        "teamId": 22,
                        "url": "http://cdn.nhle.com/logos/nhl/svg/EDM_19791980-19851986_dark.svg"
                    },
                    {
                        "id": 364,
                        "background": "dark",
                        "endSeason": 20202021,
                        "secureUrl": "https://assets.nhle.com/logos/nhl/svg/EDM_dark.svg",
                        "startSeason": 20172018,
                        "teamId": 22,
                        "url": "http://3.cdn.nhle.com/logos/nhl/svg/EDM_dark.svg"
                    },
                    {
                        "id": 417,
                        "background": "dark",
                        "endSeason": 20162017,
                        "secureUrl": "https://assets.nhle.com/logos/nhl/svg/EDM_20112012-20162017_dark.svg",
                        "startSeason": 20112012,
                        "teamId": 22,
                        "url": "http://3.cdn.nhle.com/logos/nhl/svg/EDM_20112012-20162017_dark.svg"
                    },
                    {
                        "id": 419,
                        "background": "light",
                        "endSeason": 20162017,
                        "secureUrl": "https://assets.nhle.com/logos/nhl/svg/EDM_20112012-20162017_light.svg",
                        "startSeason": 20112012,
                        "teamId": 22,
                        "url": "http://1.cdn.nhle.com/logos/nhl/svg/EDM_20112012-20162017_light.svg"
                    }
                ],
                "rawTricode": "EDM",
                "triCode": "EDM"
            }
        },
        {
            "player": {
                "id": 8477934,
                "currentTeamId": 22,
                "firstName": "Leon",
                "fullName": "Leon Draisaitl",
                "lastName": "Draisaitl",
                "positionCode": "C",
                "sweaterNumber": 29
            },
            "points": 84,
            "team": {
                "id": 22,
                "franchiseId": 25,
                "fullName": "Edmonton Oilers",
                "leagueId": 133,
                "logos": [
                    {
                        "id": 8,
                        "background": "light",
                        "endSeason": 20102011,
                        "secureUrl": "https://assets.nhle.com/logos/nhl/svg/EDM_19971998-20102011_light.svg",
                        "startSeason": 19971998,
                        "teamId": 22,
                        "url": "http://1.cdn.nhle.com/logos/nhl/svg/EDM_19971998-20102011_light.svg"
                    },
                    {
                        "id": 82,
                        "background": "light",
                        "endSeason": 19961997,
                        "secureUrl": "https://assets.nhle.com/logos/nhl/svg/EDM_19961997_light.svg",
                        "startSeason": 19961997,
                        "teamId": 22,
                        "url": "http://3.cdn.nhle.com/logos/nhl/svg/EDM_19961997_light.svg"
                    },
                    {
                        "id": 112,
                        "background": "light",
                        "endSeason": 19951996,
                        "secureUrl": "https://assets.nhle.com/logos/nhl/svg/EDM_19861987-19951996_light.svg",
                        "startSeason": 19861987,
                        "teamId": 22,
                        "url": "http://3.cdn.nhle.com/logos/nhl/svg/EDM_19861987-19951996_light.svg"
                    },
                    {
                        "id": 131,
                        "background": "light",
                        "endSeason": 20202021,
                        "secureUrl": "https://assets.nhle.com/logos/nhl/svg/EDM_light.svg",
                        "startSeason": 20172018,
                        "teamId": 22,
                        "url": "http://1.cdn.nhle.com/logos/nhl/svg/EDM_light.svg"
                    },
                    {
                        "id": 140,
                        "background": "light",
                        "endSeason": 19851986,
                        "secureUrl": "https://assets.nhle.com/logos/nhl/svg/EDM_19791980-19851986_light.svg",
                        "startSeason": 19791980,
                        "teamId": 22,
                        "url": "http://cdn.nhle.com/logos/nhl/svg/EDM_19791980-19851986_light.svg"
                    },
                    {
                        "id": 147,
                        "background": "dark",
                        "endSeason": 19951996,
                        "secureUrl": "https://assets.nhle.com/logos/nhl/svg/EDM_19861987-19951996_dark.svg",
                        "startSeason": 19861987,
                        "teamId": 22,
                        "url": "http://1.cdn.nhle.com/logos/nhl/svg/EDM_19861987-19951996_dark.svg"
                    },
                    {
                        "id": 159,
                        "background": "dark",
                        "endSeason": 19961997,
                        "secureUrl": "https://assets.nhle.com/logos/nhl/svg/EDM_19961997_dark.svg",
                        "startSeason": 19961997,
                        "teamId": 22,
                        "url": "http://1.cdn.nhle.com/logos/nhl/svg/EDM_19961997_dark.svg"
                    },
                    {
                        "id": 241,
                        "background": "dark",
                        "endSeason": 20102011,
                        "secureUrl": "https://assets.nhle.com/logos/nhl/svg/EDM_19971998-20102011_dark.svg",
                        "startSeason": 19971998,
                        "teamId": 22,
                        "url": "http://3.cdn.nhle.com/logos/nhl/svg/EDM_19971998-20102011_dark.svg"
                    },
                    {
                        "id": 308,
                        "background": "dark",
                        "endSeason": 19851986,
                        "secureUrl": "https://assets.nhle.com/logos/nhl/svg/EDM_19791980-19851986_dark.svg",
                        "startSeason": 19791980,
                        "teamId": 22,
                        "url": "http://cdn.nhle.com/logos/nhl/svg/EDM_19791980-19851986_dark.svg"
                    },
                    {
                        "id": 364,
                        "background": "dark",
                        "endSeason": 20202021,
                        "secureUrl": "https://assets.nhle.com/logos/nhl/svg/EDM_dark.svg",
                        "startSeason": 20172018,
                        "teamId": 22,
                        "url": "http://3.cdn.nhle.com/logos/nhl/svg/EDM_dark.svg"
                    },
                    {
                        "id": 417,
                        "background": "dark",
                        "endSeason": 20162017,
                        "secureUrl": "https://assets.nhle.com/logos/nhl/svg/EDM_20112012-20162017_dark.svg",
                        "startSeason": 20112012,
                        "teamId": 22,
                        "url": "http://3.cdn.nhle.com/logos/nhl/svg/EDM_20112012-20162017_dark.svg"
                    },
                    {
                        "id": 419,
                        "background": "light",
                        "endSeason": 20162017,
                        "secureUrl": "https://assets.nhle.com/logos/nhl/svg/EDM_20112012-20162017_light.svg",
                        "startSeason": 20112012,
                        "teamId": 22,
                        "url": "http://1.cdn.nhle.com/logos/nhl/svg/EDM_20112012-20162017_light.svg"
                    }
                ],
                "rawTricode": "EDM",
                "triCode": "EDM"
            }
        },
        {
            "player": {
                "id": 8473419,
                "currentTeamId": 6,
                "firstName": "Brad",
                "fullName": "Brad Marchand",
                "lastName": "Marchand",
                "positionCode": "L",
                "sweaterNumber": 63
            },
            "points": 69,
            "team": {
                "id": 6,
                "franchiseId": 6,
                "fullName": "Boston Bruins",
                "leagueId": 133,
                "logos": [
                    {
                        "id": 2,
                        "background": "dark",
                        "endSeason": 19941995,
                        "secureUrl": "https://assets.nhle.com/logos/nhl/svg/BOS_19551956-19941995_dark.svg",
                        "startSeason": 19551956,
                        "teamId": 6,
                        "url": "http://3.cdn.nhle.com/logos/nhl/svg/BOS_19551956-19941995_dark.svg"
                    },
                    {
                        "id": 25,
                        "background": "light",
                        "endSeason": 19311932,
                        "secureUrl": "https://assets.nhle.com/logos/nhl/svg/BOS_19261927-19311932_light.svg",
                        "startSeason": 19261927,
                        "teamId": 6,
                        "url": "http://3.cdn.nhle.com/logos/nhl/svg/BOS_19261927-19311932_light.svg"
                    },
                    {
                        "id": 30,
                        "background": "light",
                        "endSeason": 19251926,
                        "secureUrl": "https://assets.nhle.com/logos/nhl/svg/BOS_19241925-19251926_light.svg",
                        "startSeason": 19241925,
                        "teamId": 6,
                        "url": "http://1.cdn.nhle.com/logos/nhl/svg/BOS_19241925-19251926_light.svg"
                    },
                    {
                        "id": 35,
                        "background": "light",
                        "endSeason": 19391940,
                        "secureUrl": "https://assets.nhle.com/logos/nhl/svg/BOS_19341935-19391940_light.svg",
                        "startSeason": 19341935,
                        "teamId": 6,
                        "url": "http://2.cdn.nhle.com/logos/nhl/svg/BOS_19341935-19391940_light.svg"
                    },
                    {
                        "id": 38,
                        "background": "dark",
                        "endSeason": 19331934,
                        "secureUrl": "https://assets.nhle.com/logos/nhl/svg/BOS_19321933-19331934_dark.svg",
                        "startSeason": 19321933,
                        "teamId": 6,
                        "url": "http://3.cdn.nhle.com/logos/nhl/svg/BOS_19321933-19331934_dark.svg"
                    },
                    {
                        "id": 43,
                        "background": "dark",
                        "endSeason": 19311932,
                        "secureUrl": "https://assets.nhle.com/logos/nhl/svg/BOS_19261927-19311932_dark.svg",
                        "startSeason": 19261927,
                        "teamId": 6,
                        "url": "http://1.cdn.nhle.com/logos/nhl/svg/BOS_19261927-19311932_dark.svg"
                    },
                    {
                        "id": 45,
                        "background": "dark",
                        "endSeason": 20062007,
                        "secureUrl": "https://assets.nhle.com/logos/nhl/svg/BOS_19951996-20062007_dark.svg",
                        "startSeason": 19951996,
                        "teamId": 6,
                        "url": "http://1.cdn.nhle.com/logos/nhl/svg/BOS_19951996-20062007_dark.svg"
                    },
                    {
                        "id": 58,
                        "background": "dark",
                        "endSeason": 19251926,
                        "secureUrl": "https://assets.nhle.com/logos/nhl/svg/BOS_19241925-19251926_dark.svg",
                        "startSeason": 19241925,
                        "teamId": 6,
                        "url": "http://3.cdn.nhle.com/logos/nhl/svg/BOS_19241925-19251926_dark.svg"
                    },
                    {
                        "id": 68,
                        "background": "dark",
                        "endSeason": 20072008,
                        "secureUrl": "https://assets.nhle.com/logos/nhl/svg/BOS_20072008_dark.svg",
                        "startSeason": 20072008,
                        "teamId": 6,
                        "url": "http://1.cdn.nhle.com/logos/nhl/svg/BOS_20072008_dark.svg"
                    },
                    {
                        "id": 117,
                        "background": "light",
                        "endSeason": 19481949,
                        "secureUrl": "https://assets.nhle.com/logos/nhl/svg/BOS_19481949_light.svg",
                        "startSeason": 19481949,
                        "teamId": 6,
                        "url": "http://1.cdn.nhle.com/logos/nhl/svg/BOS_19481949_light.svg"
                    },
                    {
                        "id": 144,
                        "background": "light",
                        "endSeason": 20202021,
                        "secureUrl": "https://assets.nhle.com/logos/nhl/svg/BOS_light.svg",
                        "startSeason": 20082009,
                        "teamId": 6,
                        "url": "http://1.cdn.nhle.com/logos/nhl/svg/BOS_light.svg"
                    },
                    {
                        "id": 152,
                        "background": "dark",
                        "endSeason": 19541955,
                        "secureUrl": "https://assets.nhle.com/logos/nhl/svg/BOS_19481949-19541955_dark.svg",
                        "startSeason": 19481949,
                        "teamId": 6,
                        "url": "http://3.cdn.nhle.com/logos/nhl/svg/BOS_19481949-19541955_dark.svg"
                    },
                    {
                        "id": 184,
                        "background": "light",
                        "endSeason": 19941995,
                        "secureUrl": "https://assets.nhle.com/logos/nhl/svg/BOS_19491950-19941995_light.svg",
                        "startSeason": 19491950,
                        "teamId": 6,
                        "url": "http://2.cdn.nhle.com/logos/nhl/svg/BOS_19491950-19941995_light.svg"
                    },
                    {
                        "id": 289,
                        "background": "dark",
                        "endSeason": 19471948,
                        "secureUrl": "https://assets.nhle.com/logos/nhl/svg/BOS_19341935-19471948_dark.svg",
                        "startSeason": 19341935,
                        "teamId": 6,
                        "url": "http://1.cdn.nhle.com/logos/nhl/svg/BOS_19341935-19471948_dark.svg"
                    },
                    {
                        "id": 344,
                        "background": "light",
                        "endSeason": 19331934,
                        "secureUrl": "https://assets.nhle.com/logos/nhl/svg/BOS_19321933-19331934_light.svg",
                        "startSeason": 19321933,
                        "teamId": 6,
                        "url": "http://1.cdn.nhle.com/logos/nhl/svg/BOS_19321933-19331934_light.svg"
                    },
                    {
                        "id": 352,
                        "background": "light",
                        "endSeason": 19471948,
                        "secureUrl": "https://assets.nhle.com/logos/nhl/svg/BOS_19401941-19471948_light.svg",
                        "startSeason": 19401941,
                        "teamId": 6,
                        "url": "http://1.cdn.nhle.com/logos/nhl/svg/BOS_19401941-19471948_light.svg"
                    },
                    {
                        "id": 366,
                        "background": "dark",
                        "endSeason": 20202021,
                        "secureUrl": "https://assets.nhle.com/logos/nhl/svg/BOS_dark.svg",
                        "startSeason": 20082009,
                        "teamId": 6,
                        "url": "http://3.cdn.nhle.com/logos/nhl/svg/BOS_dark.svg"
                    },
                    {
                        "id": 373,
                        "background": "alt",
                        "endSeason": 19661967,
                        "secureUrl": "https://assets.nhle.com/logos/nhl/svg/BOS_19551956-19661967_alt.svg",
                        "startSeason": 19551956,
                        "teamId": 6,
                        "url": "http://2.cdn.nhle.com/logos/nhl/svg/BOS_19551956-19661967_alt.svg"
                    },
                    {
                        "id": 378,
                        "background": "light",
                        "endSeason": 20072008,
                        "secureUrl": "https://assets.nhle.com/logos/nhl/svg/BOS_20072008_light.svg",
                        "startSeason": 20072008,
                        "teamId": 6,
                        "url": "http://3.cdn.nhle.com/logos/nhl/svg/BOS_20072008_light.svg"
                    },
                    {
                        "id": 399,
                        "background": "light",
                        "endSeason": 20062007,
                        "secureUrl": "https://assets.nhle.com/logos/nhl/svg/BOS_19951996-20062007_light.svg",
                        "startSeason": 19951996,
                        "teamId": 6,
                        "url": "http://3.cdn.nhle.com/logos/nhl/svg/BOS_19951996-20062007_light.svg"
                    },
                    {
                        "id": 440,
                        "background": "alt",
                        "endSeason": 20202021,
                        "secureUrl": "https://assets.nhle.com/logos/nhl/svg/BOS_alt.svg",
                        "startSeason": 20082009,
                        "teamId": 6,
                        "url": "http://cdn.nhle.com/logos/nhl/svg/BOS_alt.svg"
                    }
                ],
                "rawTricode": "BOS",
                "triCode": "BOS"
            }
        },
        {
            "player": {
                "id": 8478483,
                "currentTeamId": 10,
                "firstName": "Mitchell",
                "fullName": "Mitchell Marner",
                "lastName": "Marner",
                "positionCode": "R",
                "sweaterNumber": 16
            },
            "points": 67,
            "team": {
                "id": 10,
                "franchiseId": 5,
                "fullName": "Toronto Maple Leafs",
                "leagueId": 133,
                "logos": [
                    {
                        "id": 24,
                        "background": "dark",
                        "endSeason": 19261927,
                        "secureUrl": "https://assets.nhle.com/logos/nhl/svg/TOR_19261927_dark.svg",
                        "startSeason": 19261927,
                        "teamId": 10,
                        "url": "http://cdn.nhle.com/logos/nhl/svg/TOR_19261927_dark.svg"
                    },
                    {
                        "id": 57,
                        "background": "light",
                        "endSeason": 19261927,
                        "secureUrl": "https://assets.nhle.com/logos/nhl/svg/TOR_19261927_light.svg",
                        "startSeason": 19261927,
                        "teamId": 10,
                        "url": "http://cdn.nhle.com/logos/nhl/svg/TOR_19261927_light.svg"
                    },
                    {
                        "id": 69,
                        "background": "dark",
                        "endSeason": 19811982,
                        "secureUrl": "https://assets.nhle.com/logos/nhl/svg/TOR_19701971-19811982_dark.svg",
                        "startSeason": 19701971,
                        "teamId": 10,
                        "url": "http://cdn.nhle.com/logos/nhl/svg/TOR_19701971-19811982_dark.svg"
                    },
                    {
                        "id": 89,
                        "background": "light",
                        "endSeason": 19661967,
                        "secureUrl": "https://assets.nhle.com/logos/nhl/svg/TOR_19631964-19661967_light.svg",
                        "startSeason": 19631964,
                        "teamId": 10,
                        "url": "http://2.cdn.nhle.com/logos/nhl/svg/TOR_19631964-19661967_light.svg"
                    },
                    {
                        "id": 101,
                        "background": "light",
                        "endSeason": 19371938,
                        "secureUrl": "https://assets.nhle.com/logos/nhl/svg/TOR_19271928-19371938_light.svg",
                        "startSeason": 19271928,
                        "teamId": 10,
                        "url": "http://2.cdn.nhle.com/logos/nhl/svg/TOR_19271928-19371938_light.svg"
                    },
                    {
                        "id": 118,
                        "background": "dark",
                        "endSeason": 19621963,
                        "secureUrl": "https://assets.nhle.com/logos/nhl/svg/TOR_19381939-19621963_dark.svg",
                        "startSeason": 19381939,
                        "teamId": 10,
                        "url": "http://2.cdn.nhle.com/logos/nhl/svg/TOR_19381939-19621963_dark.svg"
                    },
                    {
                        "id": 120,
                        "background": "dark",
                        "endSeason": 19371938,
                        "secureUrl": "https://assets.nhle.com/logos/nhl/svg/TOR_19271928-19371938_dark.svg",
                        "startSeason": 19271928,
                        "teamId": 10,
                        "url": "http://2.cdn.nhle.com/logos/nhl/svg/TOR_19271928-19371938_dark.svg"
                    },
                    {
                        "id": 125,
                        "background": "light",
                        "endSeason": 19811982,
                        "secureUrl": "https://assets.nhle.com/logos/nhl/svg/TOR_19701971-19811982_light.svg",
                        "startSeason": 19701971,
                        "teamId": 10,
                        "url": "http://cdn.nhle.com/logos/nhl/svg/TOR_19701971-19811982_light.svg"
                    },
                    {
                        "id": 134,
                        "background": "light",
                        "endSeason": 19691970,
                        "secureUrl": "https://assets.nhle.com/logos/nhl/svg/TOR_19671968-19691970_light.svg",
                        "startSeason": 19671968,
                        "teamId": 10,
                        "url": "http://1.cdn.nhle.com/logos/nhl/svg/TOR_19671968-19691970_light.svg"
                    },
                    {
                        "id": 181,
                        "background": "light",
                        "endSeason": 19861987,
                        "secureUrl": "https://assets.nhle.com/logos/nhl/svg/TOR_19821983-19861987_light.svg",
                        "startSeason": 19821983,
                        "teamId": 10,
                        "url": "http://cdn.nhle.com/logos/nhl/svg/TOR_19821983-19861987_light.svg"
                    },
                    {
                        "id": 192,
                        "background": "dark",
                        "endSeason": 19661967,
                        "secureUrl": "https://assets.nhle.com/logos/nhl/svg/TOR_19631964-19661967_dark.svg",
                        "startSeason": 19631964,
                        "teamId": 10,
                        "url": "http://2.cdn.nhle.com/logos/nhl/svg/TOR_19631964-19661967_dark.svg"
                    },
                    {
                        "id": 199,
                        "background": "dark",
                        "endSeason": 19861987,
                        "secureUrl": "https://assets.nhle.com/logos/nhl/svg/TOR_19821983-19861987_dark.svg",
                        "startSeason": 19821983,
                        "teamId": 10,
                        "url": "http://cdn.nhle.com/logos/nhl/svg/TOR_19821983-19861987_dark.svg"
                    },
                    {
                        "id": 223,
                        "background": "alt",
                        "endSeason": 20152016,
                        "secureUrl": "https://assets.nhle.com/logos/nhl/svg/TOR_19871988-20152016_alt.svg",
                        "startSeason": 19871988,
                        "teamId": 10,
                        "url": "http://1.cdn.nhle.com/logos/nhl/svg/TOR_19871988-20152016_alt.svg"
                    },
                    {
                        "id": 255,
                        "background": "light",
                        "endSeason": 20152016,
                        "secureUrl": "https://assets.nhle.com/logos/nhl/svg/TOR_19871988-20152016_light.svg",
                        "startSeason": 19871988,
                        "teamId": 10,
                        "url": "http://2.cdn.nhle.com/logos/nhl/svg/TOR_19871988-20152016_light.svg"
                    },
                    {
                        "id": 275,
                        "background": "light",
                        "endSeason": 20202021,
                        "secureUrl": "https://assets.nhle.com/logos/nhl/svg/TOR_light.svg",
                        "startSeason": 20162017,
                        "teamId": 10,
                        "url": "http://2.cdn.nhle.com/logos/nhl/svg/TOR_light.svg"
                    },
                    {
                        "id": 332,
                        "background": "dark",
                        "endSeason": 20202021,
                        "secureUrl": "https://assets.nhle.com/logos/nhl/svg/TOR_dark.svg",
                        "startSeason": 20162017,
                        "teamId": 10,
                        "url": "http://2.cdn.nhle.com/logos/nhl/svg/TOR_dark.svg"
                    },
                    {
                        "id": 356,
                        "background": "dark",
                        "endSeason": 19691970,
                        "secureUrl": "https://assets.nhle.com/logos/nhl/svg/TOR_19671968-19691970_dark.svg",
                        "startSeason": 19671968,
                        "teamId": 10,
                        "url": "http://3.cdn.nhle.com/logos/nhl/svg/TOR_19671968-19691970_dark.svg"
                    },
                    {
                        "id": 357,
                        "background": "alt",
                        "endSeason": 20202021,
                        "secureUrl": "https://assets.nhle.com/logos/nhl/svg/TOR_alt.svg",
                        "startSeason": 20162017,
                        "teamId": 10,
                        "url": "http://1.cdn.nhle.com/logos/nhl/svg/TOR_alt.svg"
                    },
                    {
                        "id": 383,
                        "background": "dark",
                        "endSeason": 20152016,
                        "secureUrl": "https://assets.nhle.com/logos/nhl/svg/TOR_19871988-20152016_dark.svg",
                        "startSeason": 19871988,
                        "teamId": 10,
                        "url": "http://2.cdn.nhle.com/logos/nhl/svg/TOR_19871988-20152016_dark.svg"
                    },
                    {
                        "id": 385,
                        "background": "alt",
                        "endSeason": 19861987,
                        "secureUrl": "https://assets.nhle.com/logos/nhl/svg/TOR_19821983-19861987_alt.svg",
                        "startSeason": 19821983,
                        "teamId": 10,
                        "url": "http://3.cdn.nhle.com/logos/nhl/svg/TOR_19821983-19861987_alt.svg"
                    },
                    {
                        "id": 408,
                        "background": "light",
                        "endSeason": 19621963,
                        "secureUrl": "https://assets.nhle.com/logos/nhl/svg/TOR_19381939-19621963_light.svg",
                        "startSeason": 19381939,
                        "teamId": 10,
                        "url": "http://2.cdn.nhle.com/logos/nhl/svg/TOR_19381939-19621963_light.svg"
                    }
                ],
                "rawTricode": "TOR",
                "triCode": "TOR"
            }
        },
        {
            "player": {
                "id": 8478420,
                "currentTeamId": 21,
                "firstName": "Mikko",
                "fullName": "Mikko Rantanen",
                "lastName": "Rantanen",
                "positionCode": "R",
                "sweaterNumber": 96
            },
            "points": 66,
            "team": {
                "id": 21,
                "franchiseId": 27,
                "fullName": "Colorado Avalanche",
                "leagueId": 133,
                "logos": [
                    {
                        "id": 148,
                        "background": "dark",
                        "endSeason": 19981999,
                        "secureUrl": "https://assets.nhle.com/logos/nhl/svg/COL_19951996-19981999_dark.svg",
                        "startSeason": 19951996,
                        "teamId": 21,
                        "url": "http://1.cdn.nhle.com/logos/nhl/svg/COL_19951996-19981999_dark.svg"
                    },
                    {
                        "id": 153,
                        "background": "dark",
                        "endSeason": 20202021,
                        "secureUrl": "https://assets.nhle.com/logos/nhl/svg/COL_dark.svg",
                        "startSeason": 19992000,
                        "teamId": 21,
                        "url": "http://1.cdn.nhle.com/logos/nhl/svg/COL_dark.svg"
                    },
                    {
                        "id": 155,
                        "background": "light",
                        "endSeason": 20202021,
                        "secureUrl": "https://assets.nhle.com/logos/nhl/svg/COL_light.svg",
                        "startSeason": 19992000,
                        "teamId": 21,
                        "url": "http://3.cdn.nhle.com/logos/nhl/svg/COL_light.svg"
                    },
                    {
                        "id": 183,
                        "background": "light",
                        "endSeason": 19981999,
                        "secureUrl": "https://assets.nhle.com/logos/nhl/svg/COL_19951996-19981999_light.svg",
                        "startSeason": 19951996,
                        "teamId": 21,
                        "url": "http://3.cdn.nhle.com/logos/nhl/svg/COL_19951996-19981999_light.svg"
                    }
                ],
                "rawTricode": "COL",
                "triCode": "COL"
            }
        },
        {
            "player": {
                "id": 8474141,
                "currentTeamId": 16,
                "firstName": "Patrick",
                "fullName": "Patrick Kane",
                "lastName": "Kane",
                "positionCode": "R",
                "sweaterNumber": 88
            },
            "points": 66,
            "team": {
                "id": 16,
                "franchiseId": 11,
                "fullName": "Chicago Blackhawks",
                "leagueId": 133,
                "logos": [
                    {
                        "id": 9,
                        "background": "dark",
                        "endSeason": 19881989,
                        "secureUrl": "https://assets.nhle.com/logos/nhl/svg/CHI_19651966-19881989_dark.svg",
                        "startSeason": 19651966,
                        "teamId": 16,
                        "url": "http://1.cdn.nhle.com/logos/nhl/svg/CHI_19651966-19881989_dark.svg"
                    },
                    {
                        "id": 22,
                        "background": "light",
                        "endSeason": 20202021,
                        "secureUrl": "https://assets.nhle.com/logos/nhl/svg/CHI_light.svg",
                        "startSeason": 19992000,
                        "teamId": 16,
                        "url": "http://3.cdn.nhle.com/logos/nhl/svg/CHI_light.svg"
                    },
                    {
                        "id": 44,
                        "background": "dark",
                        "endSeason": 19951996,
                        "secureUrl": "https://assets.nhle.com/logos/nhl/svg/CHI_19891990-19951996_dark.svg",
                        "startSeason": 19891990,
                        "teamId": 16,
                        "url": "http://2.cdn.nhle.com/logos/nhl/svg/CHI_19891990-19951996_dark.svg"
                    },
                    {
                        "id": 52,
                        "background": "dark",
                        "endSeason": 19981999,
                        "secureUrl": "https://assets.nhle.com/logos/nhl/svg/CHI_19961997-19981999_dark.svg",
                        "startSeason": 19961997,
                        "teamId": 16,
                        "url": "http://3.cdn.nhle.com/logos/nhl/svg/CHI_19961997-19981999_dark.svg"
                    },
                    {
                        "id": 61,
                        "background": "light",
                        "endSeason": 19561957,
                        "secureUrl": "https://assets.nhle.com/logos/nhl/svg/CHI_19261927-19561957_light.svg",
                        "startSeason": 19261927,
                        "teamId": 16,
                        "url": "http://3.cdn.nhle.com/logos/nhl/svg/CHI_19261927-19561957_light.svg"
                    },
                    {
                        "id": 70,
                        "background": "light",
                        "endSeason": 19881989,
                        "secureUrl": "https://assets.nhle.com/logos/nhl/svg/CHI_19651966-19881989_light.svg",
                        "startSeason": 19651966,
                        "teamId": 16,
                        "url": "http://3.cdn.nhle.com/logos/nhl/svg/CHI_19651966-19881989_light.svg"
                    },
                    {
                        "id": 88,
                        "background": "dark",
                        "endSeason": 19641965,
                        "secureUrl": "https://assets.nhle.com/logos/nhl/svg/CHI_19621963-19641965_dark.svg",
                        "startSeason": 19621963,
                        "teamId": 16,
                        "url": "http://3.cdn.nhle.com/logos/nhl/svg/CHI_19621963-19641965_dark.svg"
                    },
                    {
                        "id": 224,
                        "background": "light",
                        "endSeason": 19641965,
                        "secureUrl": "https://assets.nhle.com/logos/nhl/svg/CHI_19621963-19641965_light.svg",
                        "startSeason": 19621963,
                        "teamId": 16,
                        "url": "http://1.cdn.nhle.com/logos/nhl/svg/CHI_19621963-19641965_light.svg"
                    },
                    {
                        "id": 228,
                        "background": "dark",
                        "endSeason": 20202021,
                        "secureUrl": "https://assets.nhle.com/logos/nhl/svg/CHI_dark.svg",
                        "startSeason": 19992000,
                        "teamId": 16,
                        "url": "http://1.cdn.nhle.com/logos/nhl/svg/CHI_dark.svg"
                    },
                    {
                        "id": 240,
                        "background": "dark",
                        "endSeason": 19611962,
                        "secureUrl": "https://assets.nhle.com/logos/nhl/svg/CHI_19571958-19611962_dark.svg",
                        "startSeason": 19571958,
                        "teamId": 16,
                        "url": "http://1.cdn.nhle.com/logos/nhl/svg/CHI_19571958-19611962_dark.svg"
                    },
                    {
                        "id": 247,
                        "background": "light",
                        "endSeason": 19981999,
                        "secureUrl": "https://assets.nhle.com/logos/nhl/svg/CHI_19961997-19981999_light.svg",
                        "startSeason": 19961997,
                        "teamId": 16,
                        "url": "http://1.cdn.nhle.com/logos/nhl/svg/CHI_19961997-19981999_light.svg"
                    },
                    {
                        "id": 250,
                        "background": "light",
                        "endSeason": 19611962,
                        "secureUrl": "https://assets.nhle.com/logos/nhl/svg/CHI_19571958-19611962_light.svg",
                        "startSeason": 19571958,
                        "teamId": 16,
                        "url": "http://3.cdn.nhle.com/logos/nhl/svg/CHI_19571958-19611962_light.svg"
                    },
                    {
                        "id": 269,
                        "background": "light",
                        "endSeason": 19951996,
                        "secureUrl": "https://assets.nhle.com/logos/nhl/svg/CHI_19891990-19951996_light.svg",
                        "startSeason": 19891990,
                        "teamId": 16,
                        "url": "http://2.cdn.nhle.com/logos/nhl/svg/CHI_19891990-19951996_light.svg"
                    },
                    {
                        "id": 404,
                        "background": "dark",
                        "endSeason": 19561957,
                        "secureUrl": "https://assets.nhle.com/logos/nhl/svg/CHI_19261927-19561957_dark.svg",
                        "startSeason": 19261927,
                        "teamId": 16,
                        "url": "http://1.cdn.nhle.com/logos/nhl/svg/CHI_19261927-19561957_dark.svg"
                    }
                ],
                "rawTricode": "CHI",
                "triCode": "CHI"
            }
        },
        {
            "player": {
                "id": 8479318,
                "currentTeamId": 10,
                "firstName": "Auston",
                "fullName": "Auston Matthews",
                "lastName": "Matthews",
                "positionCode": "C",
                "sweaterNumber": 34
            },
            "points": 66,
            "team": {
                "id": 10,
                "franchiseId": 5,
                "fullName": "Toronto Maple Leafs",
                "leagueId": 133,
                "logos": [
                    {
                        "id": 24,
                        "background": "dark",
                        "endSeason": 19261927,
                        "secureUrl": "https://assets.nhle.com/logos/nhl/svg/TOR_19261927_dark.svg",
                        "startSeason": 19261927,
                        "teamId": 10,
                        "url": "http://cdn.nhle.com/logos/nhl/svg/TOR_19261927_dark.svg"
                    },
                    {
                        "id": 57,
                        "background": "light",
                        "endSeason": 19261927,
                        "secureUrl": "https://assets.nhle.com/logos/nhl/svg/TOR_19261927_light.svg",
                        "startSeason": 19261927,
                        "teamId": 10,
                        "url": "http://cdn.nhle.com/logos/nhl/svg/TOR_19261927_light.svg"
                    },
                    {
                        "id": 69,
                        "background": "dark",
                        "endSeason": 19811982,
                        "secureUrl": "https://assets.nhle.com/logos/nhl/svg/TOR_19701971-19811982_dark.svg",
                        "startSeason": 19701971,
                        "teamId": 10,
                        "url": "http://cdn.nhle.com/logos/nhl/svg/TOR_19701971-19811982_dark.svg"
                    },
                    {
                        "id": 89,
                        "background": "light",
                        "endSeason": 19661967,
                        "secureUrl": "https://assets.nhle.com/logos/nhl/svg/TOR_19631964-19661967_light.svg",
                        "startSeason": 19631964,
                        "teamId": 10,
                        "url": "http://2.cdn.nhle.com/logos/nhl/svg/TOR_19631964-19661967_light.svg"
                    },
                    {
                        "id": 101,
                        "background": "light",
                        "endSeason": 19371938,
                        "secureUrl": "https://assets.nhle.com/logos/nhl/svg/TOR_19271928-19371938_light.svg",
                        "startSeason": 19271928,
                        "teamId": 10,
                        "url": "http://2.cdn.nhle.com/logos/nhl/svg/TOR_19271928-19371938_light.svg"
                    },
                    {
                        "id": 118,
                        "background": "dark",
                        "endSeason": 19621963,
                        "secureUrl": "https://assets.nhle.com/logos/nhl/svg/TOR_19381939-19621963_dark.svg",
                        "startSeason": 19381939,
                        "teamId": 10,
                        "url": "http://2.cdn.nhle.com/logos/nhl/svg/TOR_19381939-19621963_dark.svg"
                    },
                    {
                        "id": 120,
                        "background": "dark",
                        "endSeason": 19371938,
                        "secureUrl": "https://assets.nhle.com/logos/nhl/svg/TOR_19271928-19371938_dark.svg",
                        "startSeason": 19271928,
                        "teamId": 10,
                        "url": "http://2.cdn.nhle.com/logos/nhl/svg/TOR_19271928-19371938_dark.svg"
                    },
                    {
                        "id": 125,
                        "background": "light",
                        "endSeason": 19811982,
                        "secureUrl": "https://assets.nhle.com/logos/nhl/svg/TOR_19701971-19811982_light.svg",
                        "startSeason": 19701971,
                        "teamId": 10,
                        "url": "http://cdn.nhle.com/logos/nhl/svg/TOR_19701971-19811982_light.svg"
                    },
                    {
                        "id": 134,
                        "background": "light",
                        "endSeason": 19691970,
                        "secureUrl": "https://assets.nhle.com/logos/nhl/svg/TOR_19671968-19691970_light.svg",
                        "startSeason": 19671968,
                        "teamId": 10,
                        "url": "http://1.cdn.nhle.com/logos/nhl/svg/TOR_19671968-19691970_light.svg"
                    },
                    {
                        "id": 181,
                        "background": "light",
                        "endSeason": 19861987,
                        "secureUrl": "https://assets.nhle.com/logos/nhl/svg/TOR_19821983-19861987_light.svg",
                        "startSeason": 19821983,
                        "teamId": 10,
                        "url": "http://cdn.nhle.com/logos/nhl/svg/TOR_19821983-19861987_light.svg"
                    },
                    {
                        "id": 192,
                        "background": "dark",
                        "endSeason": 19661967,
                        "secureUrl": "https://assets.nhle.com/logos/nhl/svg/TOR_19631964-19661967_dark.svg",
                        "startSeason": 19631964,
                        "teamId": 10,
                        "url": "http://2.cdn.nhle.com/logos/nhl/svg/TOR_19631964-19661967_dark.svg"
                    },
                    {
                        "id": 199,
                        "background": "dark",
                        "endSeason": 19861987,
                        "secureUrl": "https://assets.nhle.com/logos/nhl/svg/TOR_19821983-19861987_dark.svg",
                        "startSeason": 19821983,
                        "teamId": 10,
                        "url": "http://cdn.nhle.com/logos/nhl/svg/TOR_19821983-19861987_dark.svg"
                    },
                    {
                        "id": 223,
                        "background": "alt",
                        "endSeason": 20152016,
                        "secureUrl": "https://assets.nhle.com/logos/nhl/svg/TOR_19871988-20152016_alt.svg",
                        "startSeason": 19871988,
                        "teamId": 10,
                        "url": "http://1.cdn.nhle.com/logos/nhl/svg/TOR_19871988-20152016_alt.svg"
                    },
                    {
                        "id": 255,
                        "background": "light",
                        "endSeason": 20152016,
                        "secureUrl": "https://assets.nhle.com/logos/nhl/svg/TOR_19871988-20152016_light.svg",
                        "startSeason": 19871988,
                        "teamId": 10,
                        "url": "http://2.cdn.nhle.com/logos/nhl/svg/TOR_19871988-20152016_light.svg"
                    },
                    {
                        "id": 275,
                        "background": "light",
                        "endSeason": 20202021,
                        "secureUrl": "https://assets.nhle.com/logos/nhl/svg/TOR_light.svg",
                        "startSeason": 20162017,
                        "teamId": 10,
                        "url": "http://2.cdn.nhle.com/logos/nhl/svg/TOR_light.svg"
                    },
                    {
                        "id": 332,
                        "background": "dark",
                        "endSeason": 20202021,
                        "secureUrl": "https://assets.nhle.com/logos/nhl/svg/TOR_dark.svg",
                        "startSeason": 20162017,
                        "teamId": 10,
                        "url": "http://2.cdn.nhle.com/logos/nhl/svg/TOR_dark.svg"
                    },
                    {
                        "id": 356,
                        "background": "dark",
                        "endSeason": 19691970,
                        "secureUrl": "https://assets.nhle.com/logos/nhl/svg/TOR_19671968-19691970_dark.svg",
                        "startSeason": 19671968,
                        "teamId": 10,
                        "url": "http://3.cdn.nhle.com/logos/nhl/svg/TOR_19671968-19691970_dark.svg"
                    },
                    {
                        "id": 357,
                        "background": "alt",
                        "endSeason": 20202021,
                        "secureUrl": "https://assets.nhle.com/logos/nhl/svg/TOR_alt.svg",
                        "startSeason": 20162017,
                        "teamId": 10,
                        "url": "http://1.cdn.nhle.com/logos/nhl/svg/TOR_alt.svg"
                    },
                    {
                        "id": 383,
                        "background": "dark",
                        "endSeason": 20152016,
                        "secureUrl": "https://assets.nhle.com/logos/nhl/svg/TOR_19871988-20152016_dark.svg",
                        "startSeason": 19871988,
                        "teamId": 10,
                        "url": "http://2.cdn.nhle.com/logos/nhl/svg/TOR_19871988-20152016_dark.svg"
                    },
                    {
                        "id": 385,
                        "background": "alt",
                        "endSeason": 19861987,
                        "secureUrl": "https://assets.nhle.com/logos/nhl/svg/TOR_19821983-19861987_alt.svg",
                        "startSeason": 19821983,
                        "teamId": 10,
                        "url": "http://3.cdn.nhle.com/logos/nhl/svg/TOR_19821983-19861987_alt.svg"
                    },
                    {
                        "id": 408,
                        "background": "light",
                        "endSeason": 19621963,
                        "secureUrl": "https://assets.nhle.com/logos/nhl/svg/TOR_19381939-19621963_light.svg",
                        "startSeason": 19381939,
                        "teamId": 10,
                        "url": "http://2.cdn.nhle.com/logos/nhl/svg/TOR_19381939-19621963_light.svg"
                    }
                ],
                "rawTricode": "TOR",
                "triCode": "TOR"
            }
        },
        {
            "player": {
                "id": 8477492,
                "currentTeamId": 21,
                "firstName": "Nathan",
                "fullName": "Nathan MacKinnon",
                "lastName": "MacKinnon",
                "positionCode": "C",
                "sweaterNumber": 29
            },
            "points": 65,
            "team": {
                "id": 21,
                "franchiseId": 27,
                "fullName": "Colorado Avalanche",
                "leagueId": 133,
                "logos": [
                    {
                        "id": 148,
                        "background": "dark",
                        "endSeason": 19981999,
                        "secureUrl": "https://assets.nhle.com/logos/nhl/svg/COL_19951996-19981999_dark.svg",
                        "startSeason": 19951996,
                        "teamId": 21,
                        "url": "http://1.cdn.nhle.com/logos/nhl/svg/COL_19951996-19981999_dark.svg"
                    },
                    {
                        "id": 153,
                        "background": "dark",
                        "endSeason": 20202021,
                        "secureUrl": "https://assets.nhle.com/logos/nhl/svg/COL_dark.svg",
                        "startSeason": 19992000,
                        "teamId": 21,
                        "url": "http://1.cdn.nhle.com/logos/nhl/svg/COL_dark.svg"
                    },
                    {
                        "id": 155,
                        "background": "light",
                        "endSeason": 20202021,
                        "secureUrl": "https://assets.nhle.com/logos/nhl/svg/COL_light.svg",
                        "startSeason": 19992000,
                        "teamId": 21,
                        "url": "http://3.cdn.nhle.com/logos/nhl/svg/COL_light.svg"
                    },
                    {
                        "id": 183,
                        "background": "light",
                        "endSeason": 19981999,
                        "secureUrl": "https://assets.nhle.com/logos/nhl/svg/COL_19951996-19981999_light.svg",
                        "startSeason": 19951996,
                        "teamId": 21,
                        "url": "http://3.cdn.nhle.com/logos/nhl/svg/COL_19951996-19981999_light.svg"
                    }
                ],
                "rawTricode": "COL",
                "triCode": "COL"
            }
        },
        {
            "player": {
                "id": 8476460,
                "currentTeamId": 52,
                "firstName": "Mark",
                "fullName": "Mark Scheifele",
                "lastName": "Scheifele",
                "positionCode": "C",
                "sweaterNumber": 55
            },
            "points": 63,
            "team": {
                "id": 52,
                "franchiseId": 35,
                "fullName": "Winnipeg Jets",
                "leagueId": 133,
                "logos": [
                    {
                        "id": 295,
                        "background": "dark",
                        "endSeason": 20202021,
                        "secureUrl": "https://assets.nhle.com/logos/nhl/svg/WPG_dark.svg",
                        "startSeason": 20112012,
                        "teamId": 52,
                        "url": "http://3.cdn.nhle.com/logos/nhl/svg/WPG_dark.svg"
                    },
                    {
                        "id": 363,
                        "background": "light",
                        "endSeason": 20202021,
                        "secureUrl": "https://assets.nhle.com/logos/nhl/svg/WPG_light.svg",
                        "startSeason": 20112012,
                        "teamId": 52,
                        "url": "http://1.cdn.nhle.com/logos/nhl/svg/WPG_light.svg"
                    }
                ],
                "rawTricode": "WPG",
                "triCode": "WPG"
            }
        },
        {
            "player": {
                "id": 8471675,
                "currentTeamId": 5,
                "firstName": "Sidney",
                "fullName": "Sidney Crosby",
                "lastName": "Crosby",
                "positionCode": "C",
                "sweaterNumber": 87
            },
            "points": 62,
            "team": {
                "id": 5,
                "franchiseId": 17,
                "fullName": "Pittsburgh Penguins",
                "leagueId": 133,
                "logos": [
                    {
                        "id": 21,
                        "background": "light",
                        "endSeason": 19671968,
                        "secureUrl": "https://assets.nhle.com/logos/nhl/svg/PIT_19671968_light.svg",
                        "startSeason": 19671968,
                        "teamId": 5,
                        "url": "http://2.cdn.nhle.com/logos/nhl/svg/PIT_19671968_light.svg"
                    },
                    {
                        "id": 86,
                        "background": "dark",
                        "endSeason": 19671968,
                        "secureUrl": "https://assets.nhle.com/logos/nhl/svg/PIT_19671968_dark.svg",
                        "startSeason": 19671968,
                        "teamId": 5,
                        "url": "http://2.cdn.nhle.com/logos/nhl/svg/PIT_19671968_dark.svg"
                    },
                    {
                        "id": 116,
                        "background": "dark",
                        "endSeason": 19911992,
                        "secureUrl": "https://assets.nhle.com/logos/nhl/svg/PIT_19721973-19911992_dark.svg",
                        "startSeason": 19721973,
                        "teamId": 5,
                        "url": "http://2.cdn.nhle.com/logos/nhl/svg/PIT_19721973-19911992_dark.svg"
                    },
                    {
                        "id": 122,
                        "background": "light",
                        "endSeason": 19711972,
                        "secureUrl": "https://assets.nhle.com/logos/nhl/svg/PIT_19681969-19711972_light.svg",
                        "startSeason": 19681969,
                        "teamId": 5,
                        "url": "http://cdn.nhle.com/logos/nhl/svg/PIT_19681969-19711972_light.svg"
                    },
                    {
                        "id": 204,
                        "background": "dark",
                        "endSeason": 19711972,
                        "secureUrl": "https://assets.nhle.com/logos/nhl/svg/PIT_19681969-19711972_dark.svg",
                        "startSeason": 19681969,
                        "teamId": 5,
                        "url": "http://cdn.nhle.com/logos/nhl/svg/PIT_19681969-19711972_dark.svg"
                    },
                    {
                        "id": 221,
                        "background": "light",
                        "endSeason": 20012002,
                        "secureUrl": "https://assets.nhle.com/logos/nhl/svg/PIT_19992000-20012002_light.svg",
                        "startSeason": 19992000,
                        "teamId": 5,
                        "url": "http://1.cdn.nhle.com/logos/nhl/svg/PIT_19992000-20012002_light.svg"
                    },
                    {
                        "id": 268,
                        "background": "dark",
                        "endSeason": 20012002,
                        "secureUrl": "https://assets.nhle.com/logos/nhl/svg/PIT_19992000-20012002_dark.svg",
                        "startSeason": 19992000,
                        "teamId": 5,
                        "url": "http://3.cdn.nhle.com/logos/nhl/svg/PIT_19992000-20012002_dark.svg"
                    },
                    {
                        "id": 292,
                        "background": "dark",
                        "endSeason": 20052006,
                        "secureUrl": "https://assets.nhle.com/logos/nhl/svg/PIT_20022003-20052006_dark.svg",
                        "startSeason": 20022003,
                        "teamId": 5,
                        "url": "http://2.cdn.nhle.com/logos/nhl/svg/PIT_20022003-20052006_dark.svg"
                    },
                    {
                        "id": 293,
                        "background": "light",
                        "endSeason": 19981999,
                        "secureUrl": "https://assets.nhle.com/logos/nhl/svg/PIT_19921993-19981999_light.svg",
                        "startSeason": 19921993,
                        "teamId": 5,
                        "url": "http://cdn.nhle.com/logos/nhl/svg/PIT_19921993-19981999_light.svg"
                    },
                    {
                        "id": 310,
                        "background": "dark",
                        "endSeason": 20152016,
                        "secureUrl": "https://assets.nhle.com/logos/nhl/svg/PIT_20062007-20152016_dark.svg",
                        "startSeason": 20062007,
                        "teamId": 5,
                        "url": "http://cdn.nhle.com/logos/nhl/svg/PIT_20062007-20152016_dark.svg"
                    },
                    {
                        "id": 318,
                        "background": "dark",
                        "endSeason": 19981999,
                        "secureUrl": "https://assets.nhle.com/logos/nhl/svg/PIT_19921993-19981999_dark.svg",
                        "startSeason": 19921993,
                        "teamId": 5,
                        "url": "http://cdn.nhle.com/logos/nhl/svg/PIT_19921993-19981999_dark.svg"
                    },
                    {
                        "id": 321,
                        "background": "light",
                        "endSeason": 20152016,
                        "secureUrl": "https://assets.nhle.com/logos/nhl/svg/PIT_20062007-20152016_light.svg",
                        "startSeason": 20062007,
                        "teamId": 5,
                        "url": "http://cdn.nhle.com/logos/nhl/svg/PIT_20062007-20152016_light.svg"
                    },
                    {
                        "id": 328,
                        "background": "dark",
                        "endSeason": 20202021,
                        "secureUrl": "https://assets.nhle.com/logos/nhl/svg/PIT_dark.svg",
                        "startSeason": 20162017,
                        "teamId": 5,
                        "url": "http://2.cdn.nhle.com/logos/nhl/svg/PIT_dark.svg"
                    },
                    {
                        "id": 338,
                        "background": "light",
                        "endSeason": 20052006,
                        "secureUrl": "https://assets.nhle.com/logos/nhl/svg/PIT_20022003-20052006_light.svg",
                        "startSeason": 20022003,
                        "teamId": 5,
                        "url": "http://2.cdn.nhle.com/logos/nhl/svg/PIT_20022003-20052006_light.svg"
                    },
                    {
                        "id": 353,
                        "background": "light",
                        "endSeason": 20202021,
                        "secureUrl": "https://assets.nhle.com/logos/nhl/svg/PIT_light.svg",
                        "startSeason": 20162017,
                        "teamId": 5,
                        "url": "http://2.cdn.nhle.com/logos/nhl/svg/PIT_light.svg"
                    },
                    {
                        "id": 379,
                        "background": "light",
                        "endSeason": 19911992,
                        "secureUrl": "https://assets.nhle.com/logos/nhl/svg/PIT_19721973-19911992_light.svg",
                        "startSeason": 19721973,
                        "teamId": 5,
                        "url": "http://2.cdn.nhle.com/logos/nhl/svg/PIT_19721973-19911992_light.svg"
                    }
                ],
                "rawTricode": "PIT",
                "triCode": "PIT"
            }
        }
    ],
    "total": 10
}
